nm_municipio,votos_deputado,valor_emenda,market_share,idh,populacao,votos_per_capita,emenda_per_capita,categoria_idh
EUCLIDES DA CUNHA PAULISTA,0,0.0,0.0,0.704,9537.0,0.0,0.0,Alto
ADAMANTINA,14,0.0,0.0003104625892579944,0.79,33821.0,0.00041394399929038173,0.0,Alto
BOREBI,0,0.0,0.0,0.705,2321.0,0.0,0.0,Alto
ADOLFO,1,0.0,2.2175899232713886e-05,0.73,3548.0,0.0002818489289740699,0.0,Alto
TARUMA,2,0.0,4.435179846542777e-05,0.753,13050.0,0.0001532567049808429,0.0,Alto
AGUAI,16,0.0,0.00035481438772342217,0.715,32452.0,0.0004930358683594232,0.0,Alto
MOTUCA,1,0.0,2.2175899232713886e-05,0.741,4323.0,0.0002313208420078649,0.0,Alto
AGUAS DA PRATA,1,0.0,2.2175899232713886e-05,0.781,7619.0,0.000131250820317627,0.0,Alto
IARAS,1,0.0,2.2175899232713886e-05,0.674,6631.0,0.00015080681646810435,0.0,Médio
AGUAS DE LINDOIA,13,0.0,0.0002882866900252805,0.745,17354.0,0.0007491068341592716,0.0,Alto
GUATAPARA,1,0.0,2.2175899232713886e-05,0.743,7012.0,0.0001426126640045636,0.0,Alto
AGUAS DE SAO PEDRO,0,0.0,0.0,0.854,2771.0,0.0,0.0,Muito Alto
DIRCE REIS,0,0.0,0.0,0.741,1695.0,0.0,0.0,Alto
AGUDOS,17,0.0,0.00037699028695613605,0.745,34681.0,0.0004901819440039215,0.0,Alto
ESPIRITO SANTO DO TURVO,10,0.0,0.00022175899232713888,0.696,4288.0,0.0023320895522388058,0.0,Médio
ALFREDO MARCONDES,0,0.0,0.0,0.741,3906.0,0.0,0.0,Alto
ROSANA,14,0.0,0.0003104625892579944,0.764,19343.0,0.0007237760430129763,0.0,Alto
ALTAIR,4,0.0,8.870359693085554e-05,0.687,3837.0,0.0010424811050299713,0.0,Médio
EMBAUBA,2,0.0,4.435179846542777e-05,0.73,2419.0,0.0008267879288962381,0.0,Alto
ALTINOPOLIS,23,0.0,0.0005100456823524193,0.73,15617.0,0.0014727540500736377,0.0,Alto
ILHA SOLTEIRA,39,172587.0,0.0008648600700758416,0.812,25146.0,0.0015509424958243855,6.863397757098545,Muito Alto
ALTO ALEGRE,1,0.0,2.2175899232713886e-05,0.7,4090.0,0.00024449877750611245,0.0,Médio
ALUMINIO,17,0.0,0.00037699028695613605,0.766,16961.0,0.0010022993927244856,0.0,Alto
ALVARES FLORENCE,0,0.0,0.0,0.728,3865.0,0.0,0.0,Alto
PEDRINHAS PAULISTA,1,0.0,2.2175899232713886e-05,0.774,2947.0,0.00033932813030200206,0.0,Alto
ALVARES MACHADO,13,0.0,0.0002882866900252805,0.758,23579.0,0.0005513380550489843,0.0,Alto
ARACARIGUAMA,11,0.0,0.00024393489155985276,0.704,17535.0,0.0006273167949814657,0.0,Alto
ALVARO DE CARVALHO,1,0.0,2.2175899232713886e-05,0.688,4692.0,0.00021312872975277067,0.0,Médio
BERTIOGA,17,0.0,0.00037699028695613605,0.73,48997.0,0.00034696001796028327,0.0,Alto
ALVINLANDIA,2,0.0,4.435179846542777e-05,0.722,3013.0,0.0006637902422834385,0.0,Alto
SUZANAPOLIS,1,0.0,2.2175899232713886e-05,0.699,3429.0,0.00029163021289005544,0.0,Médio
AMERICANA,154,0.0,0.0034150884818379386,0.811,212791.0,0.0007237148187658313,0.0,Muito Alto
SANTO ANTONIO DO ARACANGUA,2,0.0,4.435179846542777e-05,0.757,7680.0,0.00026041666666666666,0.0,Alto
AMERICO BRASILIENSE,14,0.0,0.0003104625892579944,0.751,34954.0,0.0004005264061337758,0.0,Alto
CANITAR,0,0.0,0.0,0.68,4438.0,0.0,0.0,Médio
AMERICO DE CAMPOS,0,0.0,0.0,0.745,5715.0,0.0,0.0,Alto
BARRA DO CHAPEU,0,0.0,0.0,0.66,5275.0,0.0,0.0,Médio
AMPARO,45,0.0,0.0009979154654721249,0.785,66246.0,0.0006792862965311113,0.0,Alto
EMILIANOPOLIS,2,0.0,4.435179846542777e-05,0.727,3030.0,0.0006600660066006601,0.0,Alto
ANALANDIA,7,0.0,0.0001552312946289972,0.754,4348.0,0.001609935602575897,0.0,Alto
NOVAIS,1,0.0,2.2175899232713886e-05,0.719,4697.0,0.00021290185224611454,0.0,Alto
ANDRADINA,30,0.0,0.0006652769769814166,0.779,55348.0,0.0005420250054202501,0.0,Alto
NOVA CANAA PAULISTA,0,0.0,0.0,0.715,2086.0,0.0,0.0,Alto
ANGATUBA,13,0.0,0.0002882866900252805,0.719,22434.0,0.0005794775786752252,0.0,Alto
SALTINHO,2,0.0,4.435179846542777e-05,0.791,7156.0,0.00027948574622694243,0.0,Alto
ANHEMBI,3,0.0,6.652769769814166e-05,0.721,5739.0,0.0005227391531625719,0.0,Alto
UBARANA,6,0.0,0.00013305539539628332,0.7,5372.0,0.0011169024571854058,0.0,Médio
ANHUMAS,6,0.0,0.00013305539539628332,0.741,3764.0,0.001594048884165781,0.0,Alto
CAJATI,5,0.0,0.00011087949616356944,0.694,28307.0,0.0001766347546543258,0.0,Médio
APARECIDA,20,0.0,0.00044351798465427775,0.755,35015.0,0.000571183778380694,0.0,Alto
CAMPINA DO MONTE ALEGRE,1,0.0,2.2175899232713886e-05,0.717,5595.0,0.00017873100983020553,0.0,Alto
APARECIDA D OESTE,6,0.0,0.00013305539539628332,,,,,
ASPASIA,1,0.0,2.2175899232713886e-05,0.735,1806.0,0.0005537098560354374,0.0,Alto
APIAI,3,0.0,6.652769769814166e-05,0.71,25040.0,0.00011980830670926518,0.0,Alto
VARGEM,7,0.0,0.0001552312946289972,0.699,8942.0,0.000782822634757325,0.0,Médio
ARACATUBA,88,0.0,0.001951479132478822,0.788,182526.0,0.0004821230947919748,0.0,Alto
POTIM,11,0.0,0.00024393489155985276,0.697,19842.0,0.000554379598830763,0.0,Médio
ARACOIABA DA SERRA,9,0.0,0.00019958309309442497,0.776,27874.0,0.0003228815383511516,0.0,Alto
ALAMBARI,3,0.0,6.652769769814166e-05,0.712,4979.0,0.0006025306286402892,0.0,Alto
ARAMINA,17,0.0,0.00037699028695613605,0.74,5182.0,0.0032805866460825935,0.0,Alto
ITAOCA,1,0.0,2.2175899232713886e-05,0.68,3229.0,0.0003096934035305048,0.0,Médio
ARANDU,4,0.0,8.870359693085554e-05,0.685,6128.0,0.0006527415143603133,0.0,Médio
TUIUTI,0,0.0,0.0,0.728,6005.0,0.0,0.0,Alto
ARARAQUARA,137,0.0,0.0030380981948818025,0.815,210673.0,0.0006502969056310016,0.0,Muito Alto
ARAPEI,0,0.0,0.0,0.68,2484.0,0.0,0.0,Médio
ARARAS,101,0.0,0.0022397658225041025,0.781,119968.0,0.0008418911709789277,0.0,Alto
ESTIVA GERBI,4,0.0,8.870359693085554e-05,0.74,10136.0,0.0003946329913180742,0.0,Alto
AREALVA,3,0.0,6.652769769814166e-05,0.744,7887.0,0.0003803727653100038,0.0,Alto
ENGENHEIRO COELHO,4,0.0,8.870359693085554e-05,0.732,16158.0,0.00024755539051862855,0.0,Alto
AREIAS,0,0.0,0.0,0.697,3704.0,0.0,0.0,Médio
RIBEIRAO GRANDE,1,0.0,2.2175899232713886e-05,0.705,7425.0,0.00013468013468013467,0.0,Alto
AREIOPOLIS,9,0.0,0.00019958309309442497,0.695,10601.0,0.0008489765116498443,0.0,Médio
HORTOLANDIA,106,0.0,0.002350645318667672,0.756,195776.0,0.0005414351095129127,0.0,Alto
ARIRANHA,3,0.0,6.652769769814166e-05,0.733,8630.0,0.0003476245654692932,0.0,Alto
HOLAMBRA,8,0.0,0.00017740719386171109,0.793,11613.0,0.0006888831481959872,0.0,Alto
ARTUR NOGUEIRA,44,3900175.0,0.000975739566239411,0.749,45026.0,0.0009772131657264692,86.62050815084618,Alto
ELISIARIO,0,0.0,0.0,0.747,3162.0,0.0,0.0,Alto
ARUJA,57,0.0,0.0012640262562646915,0.784,76112.0,0.0007488963632541518,0.0,Alto
BOM SUCESSO DE ITARARE,0,0.0,0.0,0.66,3598.0,0.0,0.0,Médio
ASSIS,57,0.0,0.0012640262562646915,0.805,95750.0,0.0005953002610966057,0.0,Muito Alto
PONTALINDA,0,0.0,0.0,0.702,4116.0,0.0,0.0,Alto
ATIBAIA,89,0.0,0.001973655031711536,0.765,127778.0,0.0006965205277903864,0.0,Alto
PARISI,0,0.0,0.0,0.721,2039.0,0.0,0.0,Alto
AURIFLAMA,6,0.0,0.00013305539539628332,0.773,14255.0,0.0004209049456331112,0.0,Alto
TAQUARIVAI,3,0.0,6.652769769814166e-05,0.679,5204.0,0.0005764796310530361,0.0,Médio
AVAI,1,0.0,2.2175899232713886e-05,0.714,4987.0,0.00020052135552436334,0.0,Alto
MARAPOAMA,3,0.0,6.652769769814166e-05,0.752,2664.0,0.0011261261261261261,0.0,Alto
AVANHANDAVA,4,0.0,8.870359693085554e-05,0.705,11501.0,0.00034779584383966614,0.0,Alto
SAO JOAO DE IRACEMA,2,0.0,4.435179846542777e-05,0.748,1789.0,0.0011179429849077697,0.0,Alto
AVARE,51,0.0,0.0011309708608684083,0.767,83430.0,0.0006112909025530385,0.0,Alto
SAO LOURENCO DA SERRA,5,0.0,0.00011087949616356944,0.728,14110.0,0.00035435861091424523,0.0,Alto
BADY BASSITT,8,0.0,0.00017740719386171109,0.746,14838.0,0.0005391562205148942,0.0,Alto
ZACARIAS,1,0.0,2.2175899232713886e-05,0.729,2365.0,0.00042283298097251583,0.0,Alto
BALBINOS,1,0.0,2.2175899232713886e-05,0.669,3886.0,0.0002573340195573855,0.0,Médio
ITAPIRAPUA PAULISTA,0,0.0,0.0,0.661,3904.0,0.0,0.0,Médio
BALSAMO,1,0.0,2.2175899232713886e-05,0.756,8223.0,0.00012161011796181443,0.0,Alto
MESOPOLIS,0,0.0,0.0,0.724,1883.0,0.0,0.0,Alto
BANANAL,12,0.0,0.00026611079079256664,0.733,10263.0,0.001169248757673195,0.0,Alto
NOVA CAMPINA,4,0.0,8.870359693085554e-05,0.651,8609.0,0.00046463003833197816,0.0,Médio
BARBOSA,0,0.0,0.0,0.699,6652.0,0.0,0.0,Médio
ILHA COMPRIDA,8,0.0,0.00017740719386171109,0.725,9204.0,0.000869187309865276,0.0,Alto
BARAO DE ANTONINA,0,0.0,0.0,0.711,3141.0,0.0,0.0,Alto
LOURDES,1,0.0,2.2175899232713886e-05,0.742,2138.0,0.0004677268475210477,0.0,Alto
BARIRI,21,0.0,0.00046569388388699164,0.75,31852.0,0.0006592992590732136,0.0,Alto
TORRE DE PEDRA,0,0.0,0.0,0.714,2263.0,0.0,0.0,Alto
BARRA BONITA,138,0.0,0.0030602740941145165,0.788,35228.0,0.003917338480753946,0.0,Alto
ARCO-IRIS,3,0.0,6.652769769814166e-05,0.722,1907.0,0.0015731515469323545,0.0,Alto
BARRA DO TURVO,0,0.0,0.0,0.641,7700.0,0.0,0.0,Médio
BREJO ALEGRE,1,0.0,2.2175899232713886e-05,0.71,2594.0,0.00038550501156515033,0.0,Alto
BARRETOS,133,0.0,0.0029493945979509467,0.789,112730.0,0.0011798101658830834,0.0,Alto
CANAS,2,0.0,4.435179846542777e-05,0.704,4445.0,0.0004499437570303712,0.0,Alto
BARRINHA,15,0.0,0.0003326384884907083,0.725,28826.0,0.0005203635606743912,0.0,Alto
PRACINHA,0,0.0,0.0,0.696,2968.0,0.0,0.0,Médio
BARUERI,262,0.0,0.005810085598971038,0.786,243242.0,0.001077116616373817,0.0,Alto
PRATANIA,2,0.0,4.435179846542777e-05,0.701,4649.0,0.00043020004302000433,0.0,Alto
BASTOS,11,0.0,0.00024393489155985276,0.751,20435.0,0.0005382921458282359,0.0,Alto
QUADRA,1,0.0,2.2175899232713886e-05,0.678,3281.0,0.00030478512648582747,0.0,Médio
BATATAIS,295,0.0,0.006541890273650597,0.761,56888.0,0.0051856279004359445,0.0,Alto
SANTA CRUZ DA ESPERANCA,2,0.0,4.435179846542777e-05,0.743,1966.0,0.001017293997965412,0.0,Alto
BAURU,354,0.0,0.007850268328380716,0.801,346077.0,0.0010228937490789622,0.0,Muito Alto
SANTA SALETE,2,0.0,4.435179846542777e-05,0.772,1453.0,0.0013764624913971094,0.0,Alto
BEBEDOURO,33,0.0,0.0007318046746795583,0.78,75052.0,0.0004396951446996749,0.0,Alto
VITORIA BRASIL,0,0.0,0.0,0.725,1742.0,0.0,0.0,Alto
BENTO DE ABREU,0,0.0,0.0,0.744,2696.0,0.0,0.0,Alto
IPIGUA,2,0.0,4.435179846542777e-05,0.73,4539.0,0.0004406256884776382,0.0,Alto
BERNARDINO DE CAMPOS,7,0.0,0.0001552312946289972,0.734,10780.0,0.0006493506493506494,0.0,Alto
TAQUARAL,0,0.0,0.0,0.759,2727.0,0.0,0.0,Alto
BILAC,2,0.0,4.435179846542777e-05,0.768,7122.0,0.0002808199943836001,0.0,Alto
FERNAO,0,0.0,0.0,0.703,1574.0,0.0,0.0,Alto
BIRIGUI,94,0.0,0.0020845345278751055,0.78,109836.0,0.0008558214064605412,0.0,Alto
GAVIAO PEIXOTO,2,121217.0,4.435179846542777e-05,0.719,4442.0,0.00045024763619990995,27.288833858622244,Alto
BIRITIBA MIRIM,7,0.0,0.0001552312946289972,,,,,
JUMIRIM,1,0.0,2.2175899232713886e-05,0.741,2845.0,0.000351493848857645,0.0,Alto
BOA ESPERANCA DO SUL,2,0.0,4.435179846542777e-05,0.681,13728.0,0.0001456876456876457,0.0,Médio
NANTES,0,0.0,0.0,0.714,2741.0,0.0,0.0,Alto
BOCAINA,5,0.0,0.00011087949616356944,0.742,10968.0,0.00045587162654996355,0.0,Alto
NOVA CASTILHO,0,0.0,0.0,0.756,1136.0,0.0,0.0,Alto
BOFETE,3,0.0,6.652769769814166e-05,0.705,9792.0,0.00030637254901960784,0.0,Alto
OUROESTE,11,0.0,0.00024393489155985276,0.77,8568.0,0.0012838468720821662,0.0,Alto
BOITUVA,47,0.0,0.0010422672639375527,0.78,49385.0,0.0009517059835982586,0.0,Alto
PAULISTANIA,0,0.0,0.0,0.718,1779.0,0.0,0.0,Alto
BOM JESUS DOS PERDOES,11,0.0,0.00024393489155985276,0.713,20199.0,0.0005445814149215308,0.0,Alto
RIBEIRAO DOS INDIOS,0,0.0,0.0,0.721,2185.0,0.0,0.0,Alto
BORA,0,0.0,0.0,0.746,806.0,0.0,0.0,Alto
TRABIJU,0,0.0,0.0,0.722,1557.0,0.0,0.0,Alto
BORACEIA,2,0.0,4.435179846542777e-05,0.754,4309.0,0.0004641448131817127,0.0,Alto
BORBOREMA,6,0.0,0.00013305539539628332,0.73,14632.0,0.0004100601421541826,0.0,Alto
BOTUCATU,97,0.0,0.002151062225573247,0.8,128789.0,0.0007531699135795759,0.0,Alto
BRAGANCA PAULISTA,87,500000.0,0.001929303233246108,0.776,148411.0,0.0005862099170546658,3.369022511808424,Alto
BRAUNA,1,0.0,2.2175899232713886e-05,0.737,5070.0,0.0001972386587771203,0.0,Alto
BRODOWSKI,30,0.0,0.0006652769769814166,0.755,21412.0,0.0014010835045768727,0.0,Alto
BROTAS,23,0.0,0.0005100456823524193,0.74,21787.0,0.0010556754027631157,0.0,Alto
BURI,4,0.0,8.870359693085554e-05,0.667,18635.0,0.00021464985242822645,0.0,Médio
BURITAMA,5,0.0,0.00011087949616356944,0.763,15539.0,0.00032177102773666257,0.0,Alto
BURITIZAL,11,0.0,0.00024393489155985276,0.735,4083.0,0.0026940974773450896,0.0,Alto
CABRALIA PAULISTA,0,0.0,0.0,0.694,4343.0,0.0,0.0,Médio
CABREUVA,23,0.0,0.0005100456823524193,0.738,42257.0,0.0005442885202451665,0.0,Alto
CACAPAVA,46,0.0,0.0010200913647048387,0.788,85414.0,0.0005385533987402534,0.0,Alto
CACHOEIRA PAULISTA,28,0.0,0.0006209251785159888,0.764,30313.0,0.00092369610398179,0.0,Alto
CACONDE,21,0.0,0.00046569388388699164,0.72,18551.0,0.0011320144466605575,0.0,Alto
CAFELANDIA,7,0.0,0.0001552312946289972,0.742,16670.0,0.0004199160167966407,0.0,Alto
CAIABU,2,0.0,4.435179846542777e-05,0.729,4072.0,0.0004911591355599214,0.0,Alto
CAIEIRAS,43,0.0,0.0009535636670066971,0.781,87704.0,0.0004902855057922101,0.0,Alto
CAIUA,1,0.0,2.2175899232713886e-05,0.697,5105.0,0.0001958863858961802,0.0,Médio
CAJAMAR,71,0.0,0.001574488845522686,0.728,65139.0,0.0010899768188028676,0.0,Alto
CAJOBI,4,0.0,8.870359693085554e-05,0.734,9814.0,0.0004075810067250866,0.0,Alto
CAJURU,17,0.0,0.00037699028695613605,0.713,23571.0,0.0007212252343982012,0.0,Alto
CAMPINAS,840,0.0,0.018627755355479666,0.805,1090386.0,0.0007703693921235232,0.0,Muito Alto
CAMPO LIMPO PAULISTA,42,0.0,0.0009313877677739833,0.769,74869.0,0.0005609798447955762,0.0,Alto
CAMPOS DO JORDAO,30,0.0,0.0006652769769814166,0.749,48061.0,0.0006242067372713843,0.0,Alto
CAMPOS NOVOS PAULISTA,1,0.0,2.2175899232713886e-05,0.706,4567.0,0.0002189621195533173,0.0,Alto
CANANEIA,0,0.0,0.0,0.72,12221.0,0.0,0.0,Alto
CANDIDO MOTA,14,0.0,0.0003104625892579944,0.747,29931.0,0.00046774247435768935,0.0,Alto
CANDIDO RODRIGUES,0,0.0,0.0,0.789,2673.0,0.0,0.0,Alto
CAPAO BONITO,8,0.0,0.00017740719386171109,0.721,46136.0,0.00017340038148083925,0.0,Alto
CAPELA DO ALTO,8,0.0,0.00017740719386171109,0.699,17785.0,0.00044981726173741915,0.0,Médio
CAPIVARI,36,0.0,0.0007983323723776999,0.75,49122.0,0.0007328691828508611,0.0,Alto
CARAGUATATUBA,48,0.0,0.0010644431631702666,0.759,102523.0,0.0004681876261911961,0.0,Alto
CARAPICUIBA,258,0.0,0.005721382002040183,0.749,371502.0,0.0006944780916388068,0.0,Alto
CARDOSO,13,0.0,0.0002882866900252805,0.722,11821.0,0.0010997377548430758,0.0,Alto
CASA BRANCA,14,0.0,0.0003104625892579944,0.73,28423.0,0.000492558843190374,0.0,Alto
CASSIA DOS COQUEIROS,8,0.0,0.00017740719386171109,0.734,2616.0,0.0030581039755351682,0.0,Alto
CASTILHO,7,0.0,0.0001552312946289972,0.731,18238.0,0.0003838140146945937,0.0,Alto
CATANDUVA,30,0.0,0.0006652769769814166,0.785,113356.0,0.00026465295176258865,0.0,Alto
CATIGUA,1,0.0,2.2175899232713886e-05,0.751,7171.0,0.00013945056477478735,0.0,Alto
CEDRAL,3,0.0,6.652769769814166e-05,0.766,8070.0,0.0003717472118959108,0.0,Alto
CERQUEIRA CESAR,8,0.0,0.00017740719386171109,0.729,17716.0,0.0004515692029803567,0.0,Alto
CERQUILHO,39,0.0,0.0008648600700758416,0.782,40393.0,0.000965513826653133,0.0,Alto
CESARIO LANGE,6,0.0,0.00013305539539628332,0.706,15744.0,0.00038109756097560977,0.0,Alto
CHARQUEADA,4,0.0,8.870359693085554e-05,0.736,15243.0,0.000262415534999672,0.0,Alto
CHAVANTES,6,0.0,0.00013305539539628332,0.729,12108.0,0.0004955401387512388,0.0,Alto
CLEMENTINA,2,0.0,4.435179846542777e-05,0.725,7193.0,0.00027804810232170165,0.0,Alto
COLINA,15,0.0,0.0003326384884907083,0.757,17426.0,0.0008607827384368186,0.0,Alto
COLOMBIA,2,0.0,4.435179846542777e-05,0.71,5998.0,0.00033344448149383126,0.0,Alto
CONCHAL,11,0.0,0.00024393489155985276,0.708,25425.0,0.00043264503441494594,0.0,Alto
CONCHAS,11,139346.0,0.00024393489155985276,0.736,16395.0,0.0006709362610551997,8.49929856663617,Alto
CORDEIROPOLIS,14,0.0,0.0003104625892579944,0.758,21348.0,0.0006557991380925614,0.0,Alto
COROADOS,3,0.0,6.652769769814166e-05,0.719,5302.0,0.0005658242172764995,0.0,Alto
CORONEL MACEDO,3,0.0,6.652769769814166e-05,0.69,4956.0,0.0006053268765133172,0.0,Médio
CORUMBATAI,3,0.0,6.652769769814166e-05,0.754,3881.0,0.0007729966503478485,0.0,Alto
COSMOPOLIS,34,0.0,0.0007539805739122721,0.769,59938.0,0.0005672528279221863,0.0,Alto
COSMORAMA,9,0.0,0.00019958309309442497,0.722,7202.0,0.0012496528742016106,0.0,Alto
COTIA,168,0.0,0.003725551071095933,0.78,205154.0,0.0008188970236992698,0.0,Alto
CRAVINHOS,25,0.0,0.0005543974808178471,0.756,31943.0,0.0007826440847760073,0.0,Alto
CRISTAIS PAULISTA,158,0.0,0.003503792078768794,0.734,7666.0,0.020610487868510306,0.0,Alto
CRUZALIA,0,0.0,0.0,0.774,2249.0,0.0,0.0,Alto
CRUZEIRO,34,0.0,0.0007539805739122721,0.788,77312.0,0.0004397764900662252,0.0,Alto
CUBATAO,29,0.0,0.0006431010777487027,0.737,119520.0,0.00024263721552878178,0.0,Alto
CUNHA,3,0.0,6.652769769814166e-05,0.684,21773.0,0.00013778533045515087,0.0,Médio
DESCALVADO,20,0.0,0.00044351798465427775,0.76,31220.0,0.0006406149903907751,0.0,Alto
DIADEMA,303,0.0,0.0067192974675123075,0.757,388576.0,0.0007797702379972,0.0,Alto
DIVINOLANDIA,14,0.0,0.0003104625892579944,0.734,11146.0,0.001256055984209582,0.0,Alto
DOBRADA,4,0.0,8.870359693085554e-05,0.718,8011.0,0.0004993134440144801,0.0,Alto
DOIS CORREGOS,17,0.0,0.00037699028695613605,0.725,24933.0,0.0006818272971563791,0.0,Alto
DOLCINOPOLIS,1,0.0,2.2175899232713886e-05,0.742,2092.0,0.0004780114722753346,0.0,Alto
DOURADO,5,0.0,0.00011087949616356944,0.738,8610.0,0.0005807200929152149,0.0,Alto
DRACENA,30,0.0,0.0006652769769814166,0.776,43470.0,0.0006901311249137336,0.0,Alto
DUARTINA,3,0.0,6.652769769814166e-05,0.748,12234.0,0.0002452182442373713,0.0,Alto
DUMONT,5,0.0,0.00011087949616356944,0.744,8284.0,0.0006035731530661516,0.0,Alto
ECHAPORA,5,0.0,0.00011087949616356944,0.745,6279.0,0.0007963051441312311,0.0,Alto
ELDORADO,4,0.0,8.870359693085554e-05,0.691,14680.0,0.00027247956403269756,0.0,Médio
ELIAS FAUSTO,3,0.0,6.652769769814166e-05,0.695,15920.0,0.00018844221105527637,0.0,Médio
EMBU DAS ARTES,143,0.0,0.003171153590278086,,,,,
EMBU-GUACU,30,0.0,0.0006652769769814166,0.749,63219.0,0.0004745408816969582,0.0,Alto
ESTRELA D OESTE,5,0.0,0.00011087949616356944,,,,,
ESTRELA DO NORTE,0,0.0,0.0,0.74,2661.0,0.0,0.0,Alto
FARTURA,11,0.0,0.00024393489155985276,0.732,15344.0,0.0007168925964546402,0.0,Alto
FERNANDOPOLIS,38,0.0,0.0008426841708431277,0.797,64931.0,0.0005852366358134019,0.0,Alto
FERNANDO PRESTES,1,0.0,2.2175899232713886e-05,0.758,5542.0,0.00018044027426921688,0.0,Alto
FERRAZ DE VASCONCELOS,76,0.0,0.0016853683416862555,0.738,170297.0,0.0004462791476068281,0.0,Alto
FLORA RICA,0,0.0,0.0,0.727,1720.0,0.0,0.0,Alto
FLOREAL,1,0.0,2.2175899232713886e-05,0.747,2987.0,0.00033478406427854036,0.0,Alto
FLORIDA PAULISTA,6,0.0,0.00013305539539628332,0.715,12982.0,0.00046217840086273303,0.0,Alto
FLORINEA,0,0.0,0.0,,,,,
FRANCA,10535,0.0,0.2336230984166408,0.78,321012.0,0.03281808779734091,0.0,Alto
FRANCISCO MORATO,53,0.0,0.001175322659333836,0.703,156064.0,0.00033960426491695716,0.0,Alto
FRANCO DA ROCHA,58,0.0,0.0012862021554974055,0.731,133407.0,0.00043475979521314474,0.0,Alto
GABRIEL MONTEIRO,0,0.0,0.0,0.763,2707.0,0.0,0.0,Alto
GALIA,0,0.0,0.0,0.709,6947.0,0.0,0.0,Alto
GARCA,19,0.0,0.00042134208542156387,0.769,43112.0,0.0004407125626275747,0.0,Alto
GASTAO VIDIGAL,0,0.0,0.0,0.723,4240.0,0.0,0.0,Alto
GENERAL SALGADO,5,0.0,0.00011087949616356944,0.747,10658.0,0.0004691311690748733,0.0,Alto
GETULINA,6,0.0,0.00013305539539628332,0.717,10796.0,0.0005557613931085587,0.0,Alto
GLICERIO,0,0.0,0.0,0.735,4576.0,0.0,0.0,Alto
GUAICARA,6,0.0,0.00013305539539628332,0.739,10782.0,0.0005564830272676684,0.0,Alto
GUAIMBE,0,0.0,0.0,0.728,5442.0,0.0,0.0,Alto
GUAIRA,75,0.0,0.0016631924424535414,0.753,37619.0,0.0019936734097131766,0.0,Alto
GUAPIACU,13,0.0,0.0002882866900252805,0.725,18160.0,0.0007158590308370044,0.0,Alto
GUAPIARA,0,0.0,0.0,0.675,17866.0,0.0,0.0,Médio
GUARA,75,0.0,0.0016631924424535414,0.718,19931.0,0.0037629822888966937,0.0,Alto
GUARACAI,0,0.0,0.0,0.719,8400.0,0.0,0.0,Alto
GUARACI,3,0.0,6.652769769814166e-05,0.737,10063.0,0.00029812183245553017,0.0,Alto
GUARANI D OESTE,0,0.0,0.0,,,,,
GUARANTA,1,0.0,2.2175899232713886e-05,0.713,6411.0,0.00015598190609889253,0.0,Alto
GUARARAPES,19,0.0,0.00042134208542156387,0.763,30732.0,0.0006182480801770142,0.0,Alto
GUARAREMA,19,0.0,0.00042134208542156387,0.731,26147.0,0.000726660802386507,0.0,Alto
GUARATINGUETA,85,0.0,0.0018849514347806804,0.798,112675.0,0.0007543820723319282,0.0,Alto
GUAREI,1,99971.0,2.2175899232713886e-05,0.687,14901.0,6.710958996040534e-05,6.709012817931683,Médio
GUARIBA,21,0.0,0.00046569388388699164,0.719,35824.0,0.000586199196069674,0.0,Alto
GUARUJA,127,0.0,0.0028163392025546637,0.751,292744.0,0.00043382614161178366,0.0,Alto
GUARULHOS,746,0.0,0.01654322082760456,0.763,1233436.0,0.0006048145181428141,0.0,Alto
GUZOLANDIA,2,0.0,4.435179846542777e-05,0.697,4790.0,0.0004175365344467641,0.0,Médio
HERCULANDIA,6,0.0,0.00013305539539628332,0.727,8751.0,0.0006856359273225917,0.0,Alto
IACANGA,6,0.0,0.00013305539539628332,0.745,10146.0,0.0005913660555884093,0.0,Alto
IACRI,18,0.0,0.00039916618618884993,0.733,6392.0,0.002816020025031289,0.0,Alto
IBATE,15,0.0,0.0003326384884907083,0.703,31062.0,0.0004829051574270813,0.0,Alto
IBIRA,6,0.0,0.00013305539539628332,0.74,11008.0,0.0005450581395348837,0.0,Alto
IBIRAREMA,3,0.0,6.652769769814166e-05,0.708,6804.0,0.0004409171075837742,0.0,Alto
IBITINGA,33,0.0,0.0007318046746795583,0.747,53660.0,0.0006149832277301528,0.0,Alto
IBIUNA,31,0.0,0.0006874528762141305,0.71,71742.0,0.00043210392796409357,0.0,Alto
ICEM,2,0.0,4.435179846542777e-05,0.72,7515.0,0.0002661343978709248,0.0,Alto
IEPE,1,0.0,2.2175899232713886e-05,0.736,7657.0,0.0001305994514823038,0.0,Alto
IGARACU DO TIETE,58,0.0,0.0012862021554974055,0.727,23420.0,0.002476515798462852,0.0,Alto
IGARAPAVA,83,0.0,0.0018405996363152525,0.768,28108.0,0.002952895972676818,0.0,Alto
IGARATA,0,0.0,0.0,0.711,8873.0,0.0,0.0,Alto
IGUAPE,3,0.0,6.652769769814166e-05,0.726,28950.0,0.00010362694300518135,0.0,Alto
ILHABELA,22,0.0,0.0004878697831197055,0.756,28761.0,0.0007649247244532526,0.0,Alto
INDAIATUBA,127,0.0,0.0028163392025546637,0.788,205808.0,0.0006170799968903055,0.0,Alto
INDIANA,4,0.0,8.870359693085554e-05,0.761,4817.0,0.0008303923603902845,0.0,Alto
INDIAPORA,0,0.0,0.0,0.751,3892.0,0.0,0.0,Alto
INUBIA PAULISTA,3,0.0,6.652769769814166e-05,0.759,3654.0,0.0008210180623973727,0.0,Alto
IPAUSSU,11,0.0,0.00024393489155985276,0.727,13749.0,0.0008000581860498945,0.0,Alto
IPERO,3,0.0,6.652769769814166e-05,0.719,29062.0,0.00010322758241001996,0.0,Alto
IPEUNA,1,0.0,2.2175899232713886e-05,0.753,6145.0,0.00016273393002441008,0.0,Alto
IPORANGA,0,0.0,0.0,0.703,4279.0,0.0,0.0,Alto
IPUA,48,0.0,0.0010644431631702666,0.749,14323.0,0.0033512532290721217,0.0,Alto
IRACEMAPOLIS,12,0.0,0.00026611079079256664,0.776,20373.0,0.0005890148726255338,0.0,Alto
IRAPUA,3,0.0,6.652769769814166e-05,0.713,7323.0,0.00040966816878328555,0.0,Alto
IRAPURU,4,0.0,8.870359693085554e-05,0.712,7815.0,0.0005118362124120282,0.0,Alto
ITABERA,3,0.0,6.652769769814166e-05,0.693,17778.0,0.00016874789065136686,0.0,Médio
ITAI,6,0.0,0.00013305539539628332,0.713,24236.0,0.0002475656048852946,0.0,Alto
ITAJOBI,1,0.0,2.2175899232713886e-05,0.73,14582.0,6.857769853243725e-05,0.0,Alto
ITAJU,0,0.0,0.0,0.705,3293.0,0.0,0.0,Alto
ITANHAEM,56,0.0,0.0012418503570319776,0.745,88214.0,0.0006348198698619266,0.0,Alto
ITAPECERICA DA SERRA,79,0.0,0.001751896039384397,0.742,154374.0,0.0005117442056304818,0.0,Alto
ITAPETININGA,49,0.0,0.0010866190624029804,0.763,145822.0,0.00033602611402943315,0.0,Alto
ITAPEVA,37,999246.2,0.0008205082716104138,0.732,88129.0,0.0004198390995018666,11.338449318612488,Alto
ITAPEVI,70,0.0,0.001552312946289972,0.735,203712.0,0.0003436223688344329,0.0,Alto
ITAPIRA,47,0.0,0.0010422672639375527,0.762,68934.0,0.0006818115878956683,0.0,Alto
ITAPOLIS,29,0.0,0.0006431010777487027,0.744,40228.0,0.0007208909217460475,0.0,Alto
ITAPORANGA,2,0.0,4.435179846542777e-05,0.719,14564.0,0.00013732491073880802,0.0,Alto
ITAPUI,9,0.0,0.00019958309309442497,0.725,12312.0,0.0007309941520467836,0.0,Alto
ITAPURA,4,0.0,8.870359693085554e-05,0.72,4397.0,0.0009097111667045713,0.0,Alto
ITAQUAQUECETUBA,134,0.0,0.0029715704971836608,0.714,325518.0,0.00041165158301537856,0.0,Alto
ITARARE,20,596100.04,0.00044351798465427775,0.703,48040.0,0.00041631973355537054,12.408410491257287,Alto
ITARIRI,1,0.0,2.2175899232713886e-05,0.677,15614.0,6.40450877417702e-05,0.0,Médio
ITATIBA,78,0.0,0.0017297201401516831,0.778,103028.0,0.0007570757463990372,0.0,Alto
ITATINGA,11,0.0,0.00024393489155985276,0.706,18253.0,0.0006026406618090177,0.0,Alto
ITIRAPINA,1,0.0,2.2175899232713886e-05,0.724,15731.0,6.356874960269532e-05,0.0,Alto
ITIRAPUA,102,0.0,0.0022619417217368165,0.707,5953.0,0.0171342180413237,0.0,Alto
ITOBI,1,0.0,2.2175899232713886e-05,0.717,7553.0,0.00013239772275916854,0.0,Alto
ITU,128,0.0,0.0028385151017873774,0.773,155589.0,0.0008226802665998239,0.0,Alto
ITUPEVA,37,0.0,0.0008205082716104138,0.762,46294.0,0.0007992396422862574,0.0,Alto
ITUVERAVA,60,0.0,0.0013305539539628332,0.765,38882.0,0.001543130497402397,0.0,Alto
JABORANDI,0,0.0,0.0,0.711,6605.0,0.0,0.0,Alto
JABOTICABAL,123,0.0,0.002727635605623808,0.778,71989.0,0.0017085943685840892,0.0,Alto
JACAREI,108,0.0,0.0023949971171331,0.777,212744.0,0.0005076523897266198,0.0,Alto
JACI,3,0.0,6.652769769814166e-05,0.723,5776.0,0.0005193905817174516,0.0,Alto
JACUPIRANGA,10,0.0,0.00022175899232713888,0.717,17221.0,0.0005806863712908659,0.0,Alto
JAGUARIUNA,62,0.0,0.001374905752428261,0.784,45441.0,0.001364406593164763,0.0,Alto
JALES,28,0.0,0.0006209251785159888,0.776,47076.0,0.0005947829042399524,0.0,Alto
JAMBEIRO,0,0.0,0.0,0.756,5454.0,0.0,0.0,Alto
JANDIRA,57,0.0,0.0012640262562646915,0.76,109614.0,0.0005200065685040232,0.0,Alto
JARDINOPOLIS,46,0.0,0.0010200913647048387,0.735,38194.0,0.0012043776509399382,0.0,Alto
JARINU,14,0.0,0.0003104625892579944,0.733,24370.0,0.0005744768157570784,0.0,Alto
JAU,117,0.0,0.0025945802102275246,0.778,132494.0,0.0008830588554953432,0.0,Alto
JERIQUARA,27,0.0,0.000598749279283275,0.703,3151.0,0.00856870834655665,0.0,Alto
JOANOPOLIS,1,0.0,2.2175899232713886e-05,0.699,11873.0,8.4224711530363e-05,0.0,Médio
JOAO RAMALHO,2,0.0,4.435179846542777e-05,0.741,4174.0,0.0004791566842357451,0.0,Alto
JOSE BONIFACIO,24,0.0,0.0005322215815851333,0.777,33074.0,0.0007256455221624237,0.0,Alto
JULIO MESQUITA,0,0.0,0.0,0.716,4451.0,0.0,0.0,Alto
JUNDIAI,323,0.0,0.007162815452166586,0.822,373713.0,0.0008642996095934581,0.0,Muito Alto
JUNQUEIROPOLIS,4,0.0,8.870359693085554e-05,0.745,18859.0,0.00021210032345299326,0.0,Alto
JUQUIA,1,0.0,2.2175899232713886e-05,0.7,19149.0,5.2222048148728395e-05,0.0,Médio
JUQUITIBA,17,0.0,0.00037699028695613605,0.709,28912.0,0.0005879911455451024,0.0,Alto
LAGOINHA,2,0.0,4.435179846542777e-05,0.693,4833.0,0.0004138216428719222,0.0,Médio
LARANJAL PAULISTA,11,99576.0,0.00024393489155985276,0.729,25490.0,0.0004315417810906238,3.9064731267163593,Alto
LAVINIA,0,0.0,0.0,0.721,9060.0,0.0,0.0,Alto
LAVRINHAS,2,0.0,4.435179846542777e-05,0.729,6635.0,0.0003014318010550113,0.0,Alto
LEME,87,0.0,0.001929303233246108,0.744,92601.0,0.0009395146920659604,0.0,Alto
LENCOIS PAULISTA,52,0.0,0.001153146760101122,0.764,61919.0,0.000839806844425782,0.0,Alto
LIMEIRA,208,0.0,0.004612587040404488,0.775,278093.0,0.0007479512249499268,0.0,Alto
LINDOIA,6,0.0,0.00013305539539628332,0.742,6814.0,0.0008805400645729381,0.0,Alto
LINS,67,0.0,0.0014857852485918304,0.786,71853.0,0.0009324593266808623,0.0,Alto
LORENA,62,0.0,0.001374905752428261,0.766,82887.0,0.0007480063218598815,0.0,Alto
LOUVEIRA,31,0.0,0.0006874528762141305,0.777,38140.0,0.0008127949659150498,0.0,Alto
LUCELIA,15,0.0,0.0003326384884907083,0.752,20003.0,0.0007498875168724692,0.0,Alto
LUCIANOPOLIS,1,0.0,2.2175899232713886e-05,0.733,2257.0,0.00044306601683650863,0.0,Alto
LUIS ANTONIO,11,0.0,0.00024393489155985276,0.731,11603.0,0.0009480306817202448,0.0,Alto
LUIZIANIA,0,0.0,0.0,0.702,5089.0,0.0,0.0,Alto
LUPERCIO,2,0.0,4.435179846542777e-05,0.724,4363.0,0.00045840018336007336,0.0,Alto
LUTECIA,5,0.0,0.00011087949616356944,0.72,2700.0,0.001851851851851852,0.0,Alto
MACATUBA,8,0.0,0.00017740719386171109,0.77,16298.0,0.0004908577739599951,0.0,Alto
MACAUBAL,2,0.0,4.435179846542777e-05,0.743,7685.0,0.0002602472348731295,0.0,Alto
MACEDONIA,1,0.0,2.2175899232713886e-05,0.74,3657.0,0.00027344818156959256,0.0,Alto
MAGDA,1,0.0,2.2175899232713886e-05,0.753,3184.0,0.000314070351758794,0.0,Alto
MAIRINQUE,36,0.0,0.0007983323723776999,0.743,43473.0,0.0008281002001242151,0.0,Alto
MAIRIPORA,47,500000.0,0.0010422672639375527,0.788,82556.0,0.0005693105286108823,6.056494985222153,Alto
MANDURI,3,0.0,6.652769769814166e-05,0.739,9048.0,0.0003315649867374005,0.0,Alto
MARABA PAULISTA,0,0.0,0.0,0.677,4898.0,0.0,0.0,Médio
MARACAI,5,0.0,0.00011087949616356944,0.771,13358.0,0.00037430753106752507,0.0,Alto
MARIAPOLIS,3,0.0,6.652769769814166e-05,0.718,3921.0,0.0007651109410864575,0.0,Alto
MARILIA,159,0.0,0.003525967978001508,0.798,218229.0,0.0007285924418844425,0.0,Alto
MARINOPOLIS,2,0.0,4.435179846542777e-05,0.731,2107.0,0.0009492168960607499,0.0,Alto
MARTINOPOLIS,11,0.0,0.00024393489155985276,0.721,24363.0,0.0004515043303369864,0.0,Alto
MATAO,54,0.0,0.00119749855856655,0.773,77173.0,0.000699726588314566,0.0,Alto
MAUA,158,0.0,0.003503792078768794,0.766,421184.0,0.0003751329585169427,0.0,Alto
MENDONCA,5,0.0,0.00011087949616356944,0.744,4708.0,0.0010620220900594733,0.0,Alto
MERIDIANO,3,0.0,6.652769769814166e-05,0.731,3842.0,0.0007808433107756377,0.0,Alto
MIGUELOPOLIS,55,0.0,0.0012196744577992638,0.741,20561.0,0.0026749671708574487,0.0,Alto
MINEIROS DO TIETE,13,0.0,0.0002882866900252805,0.73,12087.0,0.0010755356995118723,0.0,Alto
MIRACATU,2,0.0,4.435179846542777e-05,0.697,20455.0,9.777560498655585e-05,0.0,Médio
MIRA ESTRELA,0,0.0,0.0,0.743,2838.0,0.0,0.0,Alto
MIRANDOPOLIS,2,0.0,4.435179846542777e-05,0.751,27602.0,7.245851749873198e-05,0.0,Alto
MIRANTE DO PARANAPANEMA,13,0.0,0.0002882866900252805,0.724,17124.0,0.0007591684185937865,0.0,Alto
MIRASSOL,51,0.0,0.0011309708608684083,0.762,54212.0,0.0009407511252121301,0.0,Alto
MIRASSOLANDIA,1,0.0,2.2175899232713886e-05,0.738,4338.0,0.0002305209774089442,0.0,Alto
MOCOCA,57,0.0,0.0012640262562646915,0.762,66345.0,0.0008591453764413295,0.0,Alto
MOGI DAS CRUZES,232,0.0,0.005144808621989622,0.783,392196.0,0.0005915409642117716,0.0,Alto
MOGI GUACU,119,0.0,0.0026389320086929527,0.774,138245.0,0.0008607906253390719,0.0,Alto
MOGI MIRIM,74,0.0,0.0016410165432208276,0.784,,,,Alto
MOMBUCA,4,0.0,8.870359693085554e-05,0.719,3279.0,0.001219884111009454,0.0,Alto
MONCOES,0,0.0,0.0,0.772,2138.0,0.0,0.0,Alto
MONGAGUA,20,0.0,0.00044351798465427775,0.754,47153.0,0.0004241511674760885,0.0,Alto
MONTE ALEGRE DO SUL,2,0.0,4.435179846542777e-05,0.759,7216.0,0.0002771618625277162,0.0,Alto
MONTE ALTO,50,0.0,0.0011087949616356942,0.768,46875.0,0.0010666666666666667,0.0,Alto
MONTE APRAZIVEL,16,0.0,0.00035481438772342217,0.785,22002.0,0.00072720661758022,0.0,Alto
MONTE AZUL PAULISTA,22,0.0,0.0004878697831197055,0.753,18884.0,0.0011650074136835417,0.0,Alto
MONTE CASTELO,1,0.0,2.2175899232713886e-05,0.741,4062.0,0.0002461841457410143,0.0,Alto
MONTEIRO LOBATO,6,0.0,0.00013305539539628332,0.71,4159.0,0.001442654484251022,0.0,Alto
MONTE MOR,30,0.0,0.0006652769769814166,0.733,49841.0,0.0006019140867960113,0.0,Alto
MORRO AGUDO,26,0.0,0.000576573380050561,0.712,29400.0,0.0008843537414965987,0.0,Alto
MORUNGABA,12,0.0,0.00026611079079256664,0.715,11912.0,0.0010073875083948958,0.0,Alto
MURUTINGA DO SUL,0,0.0,0.0,0.726,4203.0,0.0,0.0,Alto
NARANDIBA,2,0.0,4.435179846542777e-05,0.718,4330.0,0.00046189376443418013,0.0,Alto
NATIVIDADE DA SERRA,0,0.0,0.0,0.655,6657.0,0.0,0.0,Médio
NAZARE PAULISTA,10,0.0,0.00022175899232713888,0.678,16568.0,0.0006035731530661516,0.0,Médio
NEVES PAULISTA,6,0.0,0.00013305539539628332,0.754,8762.0,0.0006847751654873316,0.0,Alto
NHANDEARA,2,0.0,4.435179846542777e-05,0.751,10766.0,0.0001857700167193015,0.0,Alto
NIPOA,0,0.0,0.0,0.713,4352.0,0.0,0.0,Alto
NOVA ALIANCA,1,0.0,2.2175899232713886e-05,0.738,5978.0,0.00016728002676480428,0.0,Alto
NOVA EUROPA,1,0.0,2.2175899232713886e-05,0.765,9453.0,0.00010578652279699566,0.0,Alto
NOVA GRANADA,16,0.0,0.00035481438772342217,0.739,19346.0,0.0008270443502532823,0.0,Alto
NOVA GUATAPORANGA,0,0.0,0.0,0.726,2184.0,0.0,0.0,Alto
NOVA INDEPENDENCIA,2,0.0,4.435179846542777e-05,0.735,3146.0,0.0006357279084551812,0.0,Alto
NOVA LUZITANIA,0,0.0,0.0,0.743,3495.0,0.0,0.0,Alto
NOVA ODESSA,45,0.0,0.0009979154654721249,0.791,51946.0,0.00086628421822662,0.0,Alto
NOVO HORIZONTE,10,0.0,0.00022175899232713888,0.753,36913.0,0.0002709072684420123,0.0,Alto
NUPORANGA,18,0.0,0.00039916618618884993,0.746,6856.0,0.0026254375729288216,0.0,Alto
OCAUCU,4,0.0,8.870359693085554e-05,0.717,4163.0,0.0009608455440787893,0.0,Alto
OLEO,3,0.0,6.652769769814166e-05,0.73,2649.0,0.0011325028312570782,0.0,Alto
OLIMPIA,48,0.0,0.0010644431631702666,0.773,50332.0,0.0009536676468250815,0.0,Alto
ONDA VERDE,5,0.0,0.00011087949616356944,0.738,3921.0,0.0012751849018107625,0.0,Alto
ORIENTE,4,0.0,8.870359693085554e-05,0.77,6120.0,0.00065359477124183,0.0,Alto
ORINDIUVA,3,0.0,6.652769769814166e-05,0.767,5792.0,0.0005179558011049724,0.0,Alto
ORLANDIA,59,0.0,0.0013083780547301193,0.78,40071.0,0.0014723865139377604,0.0,Alto
OSASCO,560,0.0,0.012418503570319777,0.776,667826.0,0.0008385417758517938,0.0,Alto
OSCAR BRESSANE,0,0.0,0.0,0.749,2536.0,0.0,0.0,Alto
OSVALDO CRUZ,32,0.0,0.0007096287754468443,0.762,31015.0,0.001031758826374335,0.0,Alto
OURINHOS,45,0.0,0.0009979154654721249,0.778,103739.0,0.0004337809309902737,0.0,Alto
OURO VERDE,0,0.0,0.0,0.692,7851.0,0.0,0.0,Médio
PACAEMBU,5,0.0,0.00011087949616356944,0.725,13281.0,0.00037647767487388,0.0,Alto
PALESTINA,8,250000.0,0.00017740719386171109,0.732,11201.0,0.0007142219444692438,22.31943576466387,Alto
PALMARES PAULISTA,15,0.0,0.0003326384884907083,0.722,11126.0,0.0013481934208161065,0.0,Alto
PALMEIRA D OESTE,5,0.0,0.00011087949616356944,,,,,
PALMITAL,7,0.0,0.0001552312946289972,0.746,21224.0,0.00032981530343007914,0.0,Alto
PANORAMA,3,0.0,6.652769769814166e-05,0.722,14655.0,0.00020470829068577277,0.0,Alto
PARAGUACU PAULISTA,11,0.0,0.00024393489155985276,0.762,42483.0,0.00025892710025186545,0.0,Alto
PARAIBUNA,3,0.0,6.652769769814166e-05,0.719,17418.0,0.0001722356183258698,0.0,Alto
PARAISO,0,0.0,0.0,0.749,5934.0,0.0,0.0,Alto
PARANAPANEMA,12,0.0,0.00026611079079256664,0.717,17985.0,0.0006672226855713094,0.0,Alto
PARANAPUA,5,0.0,0.00011087949616356944,0.732,3830.0,0.0013054830287206266,0.0,Alto
PARAPUA,3,0.0,6.652769769814166e-05,0.737,10825.0,0.0002771362586605081,0.0,Alto
PARDINHO,3,0.0,6.652769769814166e-05,0.727,5648.0,0.0005311614730878187,0.0,Alto
PARIQUERA-ACU,10,0.0,0.00022175899232713888,0.736,18508.0,0.0005403068943159715,0.0,Alto
PATROCINIO PAULISTA,235,0.0,0.005211336319687764,0.73,13122.0,0.01790885535741503,0.0,Alto
PAULICEIA,3,0.0,6.652769769814166e-05,0.711,6419.0,0.0004673625175260944,0.0,Alto
PAULINIA,66,0.0,0.0014636093493591166,0.795,84512.0,0.0007809541840212041,0.0,Alto
PAULO DE FARIA,3,0.0,6.652769769814166e-05,0.725,8598.0,0.0003489183531053733,0.0,Alto
PEDERNEIRAS,24,0.0,0.0005322215815851333,0.739,41872.0,0.0005731753916698509,0.0,Alto
PEDRA BELA,1,0.0,2.2175899232713886e-05,0.677,5794.0,0.00017259233690024162,0.0,Médio
PEDRANOPOLIS,3,0.0,6.652769769814166e-05,0.742,2545.0,0.0011787819253438114,0.0,Alto
PEDREGULHO,287,0.0,0.006364483079788885,0.715,15755.0,0.018216439225642655,0.0,Alto
PEDREIRA,21,0.0,0.00046569388388699164,0.769,42045.0,0.0004994648590795576,0.0,Alto
PEDRO DE TOLEDO,2,0.0,4.435179846542777e-05,0.696,10283.0,0.00019449576971700865,0.0,Médio
PENAPOLIS,31,0.0,0.0006874528762141305,0.759,58808.0,0.0005271391647394912,0.0,Alto
PEREIRA BARRETO,12,0.0,0.00026611079079256664,0.766,24957.0,0.0004808270224786633,0.0,Alto
PEREIRAS,5,0.0,0.00011087949616356944,0.736,7549.0,0.0006623393826996954,0.0,Alto
PERUIBE,37,0.0,0.0008205082716104138,0.749,60412.0,0.0006124611004436205,0.0,Alto
PIACATU,0,0.0,0.0,0.732,5338.0,0.0,0.0,Alto
PIEDADE,30,0.0,0.0006652769769814166,0.716,52298.0,0.0005736357030861601,0.0,Alto
PILAR DO SUL,9,0.0,0.00019958309309442497,0.69,26595.0,0.00033840947546531303,0.0,Médio
PINDAMONHANGABA,63,0.0,0.0013970816516609749,0.773,148605.0,0.00042394266680125165,0.0,Alto
PINDORAMA,7,0.0,0.0001552312946289972,0.737,15188.0,0.0004608901764550961,0.0,Alto
ESPIRITO SANTO DO PINHAL,45,0.0,0.0009979154654721249,0.787,42017.0,0.0010709950734226622,0.0,Alto
PINHALZINHO,5,0.0,0.00011087949616356944,0.725,13268.0,0.00037684654808561955,0.0,Alto
PIQUEROBI,1,0.0,2.2175899232713886e-05,0.711,3542.0,0.000282326369282891,0.0,Alto
PIQUETE,7,0.0,0.0001552312946289972,0.757,14024.0,0.0004991443240159727,0.0,Alto
PIRACAIA,32,0.0,0.0007096287754468443,0.739,25252.0,0.0012672263583082528,0.0,Alto
PIRACICABA,234,0.0,0.005189160420455049,0.785,367290.0,0.0006370987503062975,0.0,Alto
PIRAJU,10,0.0,0.00022175899232713888,0.758,28520.0,0.0003506311360448808,0.0,Alto
PIRAJUI,18,0.0,0.00039916618618884993,0.749,22905.0,0.0007858546168958742,0.0,Alto
PIRANGI,7,0.0,0.0001552312946289972,0.756,10668.0,0.0006561679790026247,0.0,Alto
PIRAPORA DO BOM JESUS,9,0.0,0.00019958309309442497,0.727,15990.0,0.0005628517823639775,0.0,Alto
PIRAPOZINHO,10,0.0,0.00022175899232713888,0.776,24893.0,0.00040171935885590325,0.0,Alto
PIRASSUNUNGA,62,0.0,0.001374905752428261,0.801,70482.0,0.0008796572174455889,0.0,Muito Alto
PIRATININGA,4,0.0,8.870359693085554e-05,0.779,12187.0,0.0003282185935833265,0.0,Alto
PITANGUEIRAS,30,0.0,0.0006652769769814166,0.723,35626.0,0.0008420816257789255,0.0,Alto
PLANALTO,1,0.0,2.2175899232713886e-05,0.719,4524.0,0.00022104332449160034,0.0,Alto
PLATINA,0,0.0,0.0,0.719,3217.0,0.0,0.0,Alto
POA,80,0.0,0.001774071938617111,0.771,106797.0,0.0007490847121173816,0.0,Alto
POLONI,4,0.0,8.870359693085554e-05,0.766,5443.0,0.0007348888480617307,0.0,Alto
POMPEIA,16,0.0,0.00035481438772342217,0.786,20102.0,0.0007959407024176699,0.0,Alto
PONGAI,1,0.0,2.2175899232713886e-05,0.755,3465.0,0.0002886002886002886,0.0,Alto
PONTAL,37,0.0,0.0008205082716104138,0.725,41055.0,0.0009012300572402874,0.0,Alto
PONTES GESTAL,0,0.0,0.0,0.732,2517.0,0.0,0.0,Alto
POPULINA,5,0.0,0.00011087949616356944,0.714,4206.0,0.0011887779362815027,0.0,Alto
PORANGABA,6,0.0,0.00013305539539628332,0.703,8455.0,0.0007096392667060911,0.0,Alto
PORTO FELIZ,21,0.0,0.00046569388388699164,0.758,49153.0,0.00042723740158281286,0.0,Alto
PORTO FERREIRA,36,0.0,0.0007983323723776999,0.751,51705.0,0.0006962576153176675,0.0,Alto
POTIRENDABA,5,0.0,0.00011087949616356944,0.747,15587.0,0.00032078013729389875,0.0,Alto
PRADOPOLIS,5,0.0,0.00011087949616356944,0.733,17720.0,0.0002821670428893905,0.0,Alto
PRAIA GRANDE,159,0.0,0.003525967978001508,0.754,267307.0,0.0005948216844302619,0.0,Alto
PRESIDENTE ALVES,0,0.0,0.0,0.735,4109.0,0.0,0.0,Alto
PRESIDENTE BERNARDES,2,0.0,4.435179846542777e-05,0.757,13487.0,0.00014829094683769555,0.0,Alto
PRESIDENTE EPITACIO,28,0.0,0.0006209251785159888,0.75,41474.0,0.0006751217630322612,0.0,Alto
PRESIDENTE PRUDENTE,136,0.0,0.0030159222956490884,0.806,209025.0,0.000650639875612965,0.0,Muito Alto
PRESIDENTE VENCESLAU,30,0.0,0.0006652769769814166,0.763,37954.0,0.0007904305211571903,0.0,Alto
PROMISSAO,34,0.0,0.0007539805739122721,0.743,36025.0,0.0009437890353920888,0.0,Alto
QUATA,7,0.0,0.0001552312946289972,0.738,12887.0,0.0005431830526887561,0.0,Alto
QUEIROZ,3,0.0,6.652769769814166e-05,0.715,2857.0,0.0010500525026251313,0.0,Alto
QUELUZ,2,0.0,4.435179846542777e-05,0.722,11478.0,0.00017424638438752395,0.0,Alto
QUINTANA,3,0.0,6.652769769814166e-05,0.732,6048.0,0.000496031746031746,0.0,Alto
RAFARD,6,0.0,0.00013305539539628332,0.745,8632.0,0.0006950880444856349,0.0,Alto
RANCHARIA,35,0.0,0.000776156473144986,0.751,28807.0,0.0012149824695386537,0.0,Alto
REDENCAO DA SERRA,0,0.0,0.0,0.657,3860.0,0.0,0.0,Médio
REGENTE FEIJO,8,0.0,0.00017740719386171109,0.768,18609.0,0.00042989951098930623,0.0,Alto
REGINOPOLIS,1,0.0,2.2175899232713886e-05,0.728,7522.0,0.00013294336612603032,0.0,Alto
REGISTRO,22,0.0,0.0004878697831197055,0.754,54301.0,0.0004051490764442644,0.0,Alto
RESTINGA,131,0.0,0.002905042799485519,0.705,6664.0,0.019657863145258102,0.0,Alto
RIBEIRA,0,0.0,0.0,0.698,3347.0,0.0,0.0,Médio
RIBEIRAO BONITO,3,0.0,6.652769769814166e-05,0.712,12204.0,0.0002458210422812193,0.0,Alto
RIBEIRAO BRANCO,10,100000.0,0.00022175899232713888,0.639,18042.0,0.0005542622769094336,5.5426227690943355,Médio
RIBEIRAO CORRENTE,44,0.0,0.000975739566239411,0.711,4304.0,0.010223048327137546,0.0,Alto
RIBEIRAO DO SUL,1,0.0,2.2175899232713886e-05,0.747,4443.0,0.00022507314877335134,0.0,Alto
RIBEIRAO PIRES,54,0.0,0.00119749855856655,0.784,113726.0,0.00047482545767898283,0.0,Alto
RIBEIRAO PRETO,982,0.0,0.021776733046525037,0.8,612340.0,0.001603684227716628,0.0,Alto
RIVERSUL,1,0.0,2.2175899232713886e-05,0.664,6085.0,0.00016433853738701725,0.0,Médio
RIFAINA,40,0.0,0.0008870359693085555,0.74,3445.0,0.011611030478955007,0.0,Alto
RINCAO,9,0.0,0.00019958309309442497,0.734,10421.0,0.0008636407254582094,0.0,Alto
RINOPOLIS,4,0.0,8.870359693085554e-05,0.723,9911.0,0.0004035919685198265,0.0,Alto
RIO CLARO,138,199979.0,0.0030602740941145165,0.803,187638.0,0.0007354587023950372,1.0657702597554866,Muito Alto
RIO DAS PEDRAS,9,0.0,0.00019958309309442497,0.759,29963.0,0.0003003704568968394,0.0,Alto
RIO GRANDE DA SERRA,23,0.0,0.0005100456823524193,0.749,44503.0,0.000516819090847808,0.0,Alto
RIOLANDIA,23,0.0,0.0005100456823524193,0.703,10730.0,0.0021435228331780055,0.0,Alto
ROSEIRA,3,0.0,6.652769769814166e-05,0.737,9678.0,0.00030998140111593303,0.0,Alto
RUBIACEA,2,0.0,4.435179846542777e-05,0.721,2760.0,0.0007246376811594203,0.0,Alto
RUBINEIA,3,0.0,6.652769769814166e-05,0.759,2881.0,0.0010413051023950017,0.0,Alto
SABINO,2,0.0,4.435179846542777e-05,0.728,5238.0,0.00038182512409316535,0.0,Alto
SAGRES,0,0.0,0.0,0.73,2392.0,0.0,0.0,Alto
SALES,0,0.0,0.0,0.751,5520.0,0.0,0.0,Alto
SALES OLIVEIRA,19,0.0,0.00042134208542156387,0.772,10664.0,0.001781695423855964,0.0,Alto
SALESOPOLIS,3,0.0,6.652769769814166e-05,0.732,15734.0,0.00019066988686920045,0.0,Alto
SALMOURAO,0,0.0,0.0,0.719,4851.0,0.0,0.0,Alto
SALTO,86,850000.0,0.0019071273340133942,0.78,106465.0,0.0008077772037758888,7.9838444559244826,Alto
SALTO DE PIRAPORA,27,0.0,0.000598749279283275,0.729,40521.0,0.0006663211668023987,0.0,Alto
SALTO GRANDE,11,0.0,0.00024393489155985276,0.704,8814.0,0.0012480145223508056,0.0,Alto
SANDOVALINA,4,0.0,8.870359693085554e-05,0.709,3746.0,0.0010678056593699946,0.0,Alto
SANTA ADELIA,5,0.0,0.00011087949616356944,0.76,14401.0,0.00034719811124227484,0.0,Alto
SANTA ALBERTINA,0,0.0,0.0,0.728,5734.0,0.0,0.0,Alto
SANTA BARBARA D OESTE,110,0.0,0.0024393489155985276,,,,,
AGUAS DE SANTA BARBARA,1,0.0,2.2175899232713886e-05,0.757,5630.0,0.00017761989342806393,0.0,Alto
SANTA BRANCA,3,0.0,6.652769769814166e-05,0.735,13821.0,0.00021706099413935315,0.0,Alto
SANTA CLARA D OESTE,0,0.0,0.0,,,,,
SANTA CRUZ DA CONCEICAO,7,0.0,0.0001552312946289972,0.79,4039.0,0.0017331022530329288,0.0,Alto
SANTA CRUZ DAS PALMEIRAS,15,0.0,0.0003326384884907083,0.728,30268.0,0.0004955728822518832,0.0,Alto
SANTA CRUZ DO RIO PARDO,36,0.0,0.0007983323723776999,0.762,44152.0,0.0008153651023736184,0.0,Alto
SANTA ERNESTINA,1,0.0,2.2175899232713886e-05,0.738,5555.0,0.00018001800180018,0.0,Alto
SANTA FE DO SUL,17,0.0,0.00037699028695613605,0.784,29449.0,0.0005772691772216374,0.0,Alto
SANTA GERTRUDES,25,0.0,0.0005543974808178471,0.737,22074.0,0.001132554136087705,0.0,Alto
SANTA ISABEL,20,0.0,0.00044351798465427775,0.738,50969.0,0.0003923953775824521,0.0,Alto
SANTA LUCIA,0,0.0,0.0,0.737,8279.0,0.0,0.0,Alto
SANTA MARIA DA SERRA,0,0.0,0.0,0.686,5470.0,0.0,0.0,Médio
SANTA MERCEDES,2,0.0,4.435179846542777e-05,0.739,2834.0,0.0007057163020465773,0.0,Alto
SANTANA DA PONTE PENSA,3,0.0,6.652769769814166e-05,0.773,1622.0,0.0018495684340320592,0.0,Alto
SANTANA DE PARNAIBA,87,0.0,0.001929303233246108,0.814,111422.0,0.0007808152788497784,0.0,Muito Alto
SANTA RITA D OESTE,1,0.0,2.2175899232713886e-05,,,,,
SANTA RITA DO PASSA QUATRO,22,0.0,0.0004878697831197055,0.775,26505.0,0.000830032069420864,0.0,Alto
SANTA ROSA DE VITERBO,19,0.0,0.00042134208542156387,0.77,24049.0,0.0007900536404840118,0.0,Alto
SANTO ANASTACIO,6,0.0,0.00013305539539628332,0.753,20454.0,0.0002933411557641537,0.0,Alto
SANTO ANDRE,433,0.0,0.009602164367765113,0.815,678486.0,0.0006381856073669907,0.0,Muito Alto
SANTO ANTONIO DA ALEGRIA,8,0.0,0.00017740719386171109,0.702,6346.0,0.0012606366214938543,0.0,Alto
SANTO ANTONIO DE POSSE,35,0.0,0.000776156473144986,0.702,20844.0,0.0016791402801765497,0.0,Alto
SANTO ANTONIO DO JARDIM,5,0.0,0.00011087949616356944,0.714,5927.0,0.0008435970980259828,0.0,Alto
SANTO ANTONIO DO PINHAL,4,0.0,8.870359693085554e-05,0.706,6499.0,0.0006154793045083859,0.0,Alto
SANTO EXPEDITO,3,0.0,6.652769769814166e-05,0.732,2825.0,0.0010619469026548673,0.0,Alto
SANTOPOLIS DO AGUAPEI,4,0.0,8.870359693085554e-05,0.74,4313.0,0.0009274287039183863,0.0,Alto
SANTOS,273,0.0,0.006054020490530891,0.84,419509.0,0.0006507607703291229,0.0,Muito Alto
SAO BENTO DO SAPUCAI,12,0.0,0.00026611079079256664,0.72,10477.0,0.001145366039896917,0.0,Alto
SAO BERNARDO DO CAMPO,576,0.0,0.012773317958043198,0.805,770253.0,0.0007478062402872822,0.0,Muito Alto
SAO CAETANO DO SUL,158,0.0,0.003503792078768794,0.862,149962.0,0.0010536002453955002,0.0,Muito Alto
SAO CARLOS,208,0.0,0.004612587040404488,0.805,224173.0,0.0009278548264063915,0.0,Muito Alto
SAO FRANCISCO,1,0.0,2.2175899232713886e-05,0.723,2788.0,0.0003586800573888092,0.0,Alto
SAO JOAO DA BOA VISTA,48,0.0,0.0010644431631702666,0.797,84119.0,0.0005706201928220735,0.0,Alto
SAO JOAO DAS DUAS PONTES,0,0.0,0.0,0.72,2559.0,0.0,0.0,Alto
SAO JOAO DO PAU D ALHO,0,0.0,0.0,,,,,
SAO JOAQUIM DA BARRA,181,0.0,0.004013837761121213,0.762,46891.0,0.0038600157812799895,0.0,Alto
SAO JOSE DA BELA VISTA,83,0.0,0.0018405996363152525,0.693,8432.0,0.009843453510436433,0.0,Médio
SAO JOSE DO BARREIRO,6,0.0,0.00013305539539628332,0.684,4072.0,0.0014734774066797642,0.0,Médio
SAO JOSE DO RIO PARDO,28,0.0,0.0006209251785159888,0.774,52040.0,0.0005380476556495003,0.0,Alto
SAO JOSE DO RIO PRETO,410,0.0,0.009092118685412693,0.797,412076.0,0.0009949620943709412,0.0,Alto
SAO JOSE DOS CAMPOS,423,0.0,0.009380405375437974,0.807,636876.0,0.0006641795263128144,0.0,Muito Alto
SAO LUIS DO PARAITINGA,1,0.0,2.2175899232713886e-05,0.697,10395.0,9.62000962000962e-05,0.0,Médio
SAO MANUEL,12,0.0,0.00026611079079256664,0.744,38480.0,0.00031185031185031187,0.0,Alto
SAO MIGUEL ARCANJO,18,500000.0,0.00039916618618884993,0.71,31501.0,0.0005714104314148757,15.872511983746548,Alto
SAO PAULO,12848,0.0,0.284915953341908,0.805,11316119.0,0.001135371588085986,0.0,Muito Alto
SAO PEDRO,9,0.0,0.00019958309309442497,0.755,31951.0,0.0002816813245281838,0.0,Alto
SAO PEDRO DO TURVO,0,0.0,0.0,0.703,7222.0,0.0,0.0,Alto
SAO ROQUE,44,0.0,0.000975739566239411,0.768,79757.0,0.0005516757149842647,0.0,Alto
SAO SEBASTIAO,43,0.0,0.0009535636670066971,0.772,75163.0,0.0005720899910860396,0.0,Alto
SAO SEBASTIAO DA GRAMA,3,0.0,6.652769769814166e-05,0.701,12072.0,0.00024850894632206757,0.0,Alto
SAO SIMAO,13,0.0,0.0002882866900252805,0.766,14398.0,0.0009029031809973607,0.0,Alto
SAO VICENTE,90,0.0,0.0019958309309442497,0.768,334663.0,0.00026892724920292953,0.0,Alto
SARAPUI,0,0.0,0.0,0.707,9121.0,0.0,0.0,Alto
SARUTAIA,0,0.0,0.0,0.688,3614.0,0.0,0.0,Médio
SEBASTIANOPOLIS DO SUL,0,0.0,0.0,0.773,3069.0,0.0,0.0,Alto
SERRA AZUL,0,0.0,0.0,0.686,11549.0,0.0,0.0,Médio
SERRANA,22,0.0,0.0004878697831197055,0.729,39360.0,0.0005589430894308943,0.0,Alto
SERRA NEGRA,9,0.0,0.00019958309309442497,0.767,26582.0,0.0003385749755473629,0.0,Alto
SERTAOZINHO,157,0.0,0.0034816161795360803,0.761,111257.0,0.0014111471637739648,0.0,Alto
SETE BARRAS,4,0.0,8.870359693085554e-05,0.673,12951.0,0.000308856458960698,0.0,Médio
SEVERINIA,34,0.0,0.0007539805739122721,0.715,15647.0,0.002172940499776315,0.0,Alto
SILVEIRAS,2,0.0,4.435179846542777e-05,0.678,5824.0,0.00034340659340659343,0.0,Médio
SOCORRO,14,0.0,0.0003104625892579944,0.729,36992.0,0.00037846020761245675,0.0,Alto
SOROCABA,469,0.0,0.010400496740142812,0.798,593776.0,0.000789860149281884,0.0,Alto
SUD MENNUCCI,3,0.0,6.652769769814166e-05,0.747,7441.0,0.00040317161671818305,0.0,Alto
SUMARE,133,0.0,0.0029493945979509467,0.762,242960.0,0.0005474152123806388,0.0,Alto
SUZANO,154,0.0,0.0034150884818379386,0.765,265074.0,0.0005809698423836362,0.0,Alto
TABAPUA,0,0.0,0.0,0.735,11430.0,0.0,0.0,Alto
TABATINGA,5,0.0,0.00011087949616356944,0.704,14817.0,0.00033745022609165147,0.0,Alto
TABOAO DA SERRA,145,2542000.0,0.0032155053887435135,0.769,248127.0,0.0005843781611835874,10.244753694680547,Alto
TACIBA,5,0.0,0.00011087949616356944,0.723,5752.0,0.0008692628650904034,0.0,Alto
TAGUAI,1,199869.0,2.2175899232713886e-05,0.709,11086.0,9.020386072523904e-05,18.0289554392928,Alto
TAIACU,1,0.0,2.2175899232713886e-05,0.71,5916.0,0.00016903313049357674,0.0,Alto
TAIUVA,2,0.0,4.435179846542777e-05,0.76,5443.0,0.00036744442403086535,0.0,Alto
TAMBAU,12,0.0,0.00026611079079256664,0.731,22418.0,0.0005352841466678562,0.0,Alto
TANABI,10,0.0,0.00022175899232713888,0.748,24168.0,0.00041377027474346245,0.0,Alto
TAPIRAI,2,0.0,4.435179846542777e-05,0.681,7970.0,0.0002509410288582183,0.0,Médio
TAPIRATIBA,13,0.0,0.0002882866900252805,0.751,12722.0,0.001021851910077032,0.0,Alto
TAQUARITINGA,36,0.0,0.0007983323723776999,0.748,54136.0,0.0006649918723215606,0.0,Alto
TAQUARITUBA,5,0.0,0.00011087949616356944,0.701,22315.0,0.00022406453058480843,0.0,Alto
TARABAI,5,0.0,0.00011087949616356944,0.726,6671.0,0.000749512816669165,0.0,Alto
TATUI,40,0.0,0.0008870359693085555,0.752,108393.0,0.00036902752022732093,0.0,Alto
TAUBATE,111,0.0,0.002461524814831241,0.8,281336.0,0.000394546023260443,0.0,Alto
TEJUPA,1,0.0,2.2175899232713886e-05,0.668,4769.0,0.00020968756552736424,0.0,Médio
TEODORO SAMPAIO,11,0.0,0.00024393489155985276,0.741,21493.0,0.0005117945377564789,0.0,Alto
TERRA ROXA,6,0.0,0.00013305539539628332,0.749,8563.0,0.0007006890108606797,0.0,Alto
TIETE,17,0.0,0.00037699028695613605,0.778,37229.0,0.0004566332697628193,0.0,Alto
TIMBURI,0,0.0,0.0,0.71,2640.0,0.0,0.0,Alto
TORRINHA,4,0.0,8.870359693085554e-05,0.744,9368.0,0.0004269854824935952,0.0,Alto
TREMEMBE,8,0.0,0.00017740719386171109,0.785,41457.0,0.00019297103022408762,0.0,Alto
TRES FRONTEIRAS,1,0.0,2.2175899232713886e-05,0.753,5448.0,0.00018355359765051394,0.0,Alto
TUPA,45,0.0,0.0009979154654721249,0.771,63487.0,0.0007088065273205538,0.0,Alto
TUPI PAULISTA,10,0.0,0.00022175899232713888,0.769,14345.0,0.0006971070059254096,0.0,Alto
TURIUBA,1,0.0,2.2175899232713886e-05,0.751,1933.0,0.0005173305742369374,0.0,Alto
TURMALINA,1,0.0,2.2175899232713886e-05,0.736,1949.0,0.000513083632632119,0.0,Alto
UBATUBA,28,0.0,0.0006209251785159888,0.751,79718.0,0.0003512381143530947,0.0,Alto
UBIRAJARA,0,0.0,0.0,0.727,4448.0,0.0,0.0,Alto
UCHOA,4,0.0,8.870359693085554e-05,0.721,9505.0,0.0004208311415044713,0.0,Alto
UNIAO PAULISTA,1,0.0,2.2175899232713886e-05,0.749,1618.0,0.0006180469715698393,0.0,Alto
URANIA,3,0.0,6.652769769814166e-05,0.746,8837.0,0.0003394817245671608,0.0,Alto
URU,2,0.0,4.435179846542777e-05,0.712,1240.0,0.0016129032258064516,0.0,Alto
URUPES,10,0.0,0.00022175899232713888,0.745,12782.0,0.0007823501799405414,0.0,Alto
VALENTIM GENTIL,3,0.0,6.652769769814166e-05,0.735,11223.0,0.0002673082063619353,0.0,Alto
VALINHOS,85,0.0,0.0018849514347806804,0.819,108622.0,0.0007825302424923128,0.0,Muito Alto
VALPARAISO,6,0.0,0.00013305539539628332,0.725,22884.0,0.00026219192448872575,0.0,Alto
VARGEM GRANDE DO SUL,17,0.0,0.00037699028695613605,0.737,39494.0,0.0004304451309059604,0.0,Alto
VARZEA PAULISTA,48,0.0,0.0010644431631702666,0.759,108186.0,0.000443680328323443,0.0,Alto
VERA CRUZ,4,0.0,8.870359693085554e-05,0.754,10745.0,0.00037226617031177293,0.0,Alto
VINHEDO,41,0.0,0.0009092118685412693,0.817,64870.0,0.0006320332973639587,0.0,Muito Alto
VIRADOURO,7,0.0,0.0001552312946289972,0.739,17400.0,0.00040229885057471265,0.0,Alto
VISTA ALEGRE DO ALTO,3,0.0,6.652769769814166e-05,0.744,7050.0,0.000425531914893617,0.0,Alto
VOTORANTIM,41,0.0,0.0009092118685412693,0.767,109798.0,0.0003734129947722181,0.0,Alto
VOTUPORANGA,40,0.0,0.0008870359693085555,0.79,85387.0,0.0004684553854802253,0.0,Alto
VARGEM GRANDE PAULISTA,27,0.0,0.000598749279283275,0.77,43789.0,0.000616593208339994,0.0,Alto
